"SUBID","F1","F2","F3","F4","F5","F6","F7","F8","F9","F10","F11","F12","F13","F14","F15","F16","F17","F18","F19","F20","F21","F22","F23","F24","F25","F26","F27","F28","F29","F30","F31","F32","F33","F34","F35","F36","F37","F38","F39","F40","F41","F42","F43","F44","F45","F46","F47","F48","F49","F50","F51","F52","F53","F54","F55","F56","F57","F58","F59","F60","F61","F62","F63","F64","F65","F66","F67","F68","F69","F70","F71","F72","F73","F74","F75","F76","F77","F78","F79","F80","F81","F82","F83","F84","F85","F86","F87","F88","F89","F90","F91","Dependent_Feature"
23,1.188,0.312,96.15384615,34.24657534,0.599033828,91.8,46.8,1.81764,0.92664,-0.165369,-0.0549881,0.261069,0.380853,0.38229,28.6416,40.9968,45,0.045589024,0.202,0.394,0.716362991,102,198,0.716362991,0.202,0.082,0.239350178,0.239350178,595,50.42016807,0.204,0.254713361,0.140472001,1.419182111,0.423900586,-2.570974507,8.773906491,5.259836169,4.900142054,0.743788359,1.051642169,1.486425141,107.7902479,215.5494786,430.942173,26.40212886,27.67955689,0.02562687,1.52128438,1.926002793,1.567821495,-22.95748175,-58.14764379,-60.47836794,-66.57147177,0.717466126,0.455010353,0.06826342,0.99459296,0.979249954,0.974906642,0.927001138,0.032309554,0.010080581,0.038383751,0.412,0.776,0.658189812,0.346801347,0.653198653,0.530927835,52.43134621,0.902661483,1.245123016,1.55216294,0.694054696,15.3318677,30.40698264,48.36058225,12.45338302,5.793667532,2.034858659,1.651908075,-26.22319687,-38.78613506,NA,NA,NA,NA,NA,NA,66.8
58,1.044,0.302,99.33774834,40.43126685,0.827638509,96.6,44.4,1.68084,0.77256,-0.316317,0.136185,0.338956,0.431294,0.440414,29.1732,32.9448,52.2,0.026171428,0.234,0.302,0.827638509,118,152,0.827638509,0.234,0,0.090868505,0.090868505,523,57.36137667,0.236,0.223168259,0.182544108,0.937522425,0.171640805,-2.670227796,7.903299294,4.200227286,4.783414481,0.743895083,1.051926028,1.487674761,103.5361663,207.054996,414.0288206,21.43932005,30.74593131,0.018767653,0.805220005,1.864097682,1.383104366,-27.15997429,-58.35866293,-59.86862926,-66.04192591,0.854287003,0.440092088,0.086390541,0.996861198,0.987442208,0.984752814,0.949097681,0.020722428,0.006258173,0.021634215,0.402,0.642,0.744731698,0.385057471,0.614942529,0.626168224,48.80756744,1.050279769,1.437288295,1.617492196,1.194426224,23.84885844,47.28021956,57.66875498,36.89168414,7.050293726,4.721119075,1.565667777,-29.777535,-38.21676184,NA,NA,NA,NA,NA,NA,57.7
100,0.912,0.296,101.3513514,48.7012987,0.640544907,96,67.8,1.4592,1.03056,-0.16012,-0.204626,0.21351,0.281071,0.32317,28.416,41.7648,28.2,0.034861201,0.154,0.33,0.664908211,78,166,0.664908211,0.154,0.034,-0.022583198,0.022583198,457,65.64551422,0.156,0.236694725,0.230439668,0.426432119,0.452508788,-2.17562027,14.17727029,6.858640627,8.027704575,0.812562069,1.149185337,1.625399552,116.1383631,232.2446764,464.3514765,30.75626974,27.37258134,0.023385435,1.026191727,1.979912671,1.538021879,-25.29391725,-59.41348931,-61.34621205,-67.30489529,0.8638439,0.415771128,0.088870622,0.99537356,0.981755967,0.97792142,0.927706892,0.027315326,0.008085336,0.024911577,0.396,0.516,0.720353683,0.434210526,0.565789474,0.76744186,45.64378584,1.034423738,1.441077113,1.505017846,1.127197088,18.5953139,36.84769185,55.8550133,17.84037041,6.77355512,2.453752596,1.530991318,-31.05930106,-37.37301708,NA,NA,NA,NA,NA,NA,46
105,0.876,0.296,101.3513514,51.72413793,0.59475479,98.4,72,1.43664,1.0512,-0.159796,-0.212379,0.131849,0.255771,0.341504,29.1264,41.76,26.4,0.049591162,0.186,0.326,0.63619152,94,164,0.63619152,0.186,0.03,0.102613462,0.102613462,439,68.33712984,0.188,0.240607492,0.177586964,0.42243123,0.496820223,-2.604409902,8.710497603,7.132046609,6.991145765,0.814703664,1.151996091,1.628013751,110.1842706,220.3648565,440.7159382,30.39503777,26.07441103,0.027573958,1.292617543,2.168081107,1.596458465,-23.06202985,-57.67539873,-59.72870016,-65.7152257,0.821939398,0.380801203,0.074928045,0.993840143,0.976235363,0.971326125,0.913657189,0.03530201,0.010449395,0.030924561,0.396,0.48,0.942261762,0.452054795,0.547945205,0.825,51.76419487,1.319286693,1.759258575,2.270505274,1.093032482,39.54820115,76.91385727,118.5505537,35.27716088,14.18159269,5.274985397,1.710961517,-22.39372804,-38.50575272,NA,NA,NA,NA,NA,NA,62.4
111,0.87,0.29,103.4482759,51.72413793,0.613371007,97.8,70.8,1.4181,1.0266,-0.163052,-0.202448,0.219858,0.283178,0.342013,28.362,41.064,27,0.038033909,0.202,0.342,0.696087503,102,172,0.696087503,0.202,0.052,0.079086814,0.079086814,436,68.80733945,0.204,0.235256186,0.195889002,0.37633452,0.489402416,-1.586965262,7.468495407,7.118190301,6.294563755,0.810078608,1.145587769,1.620607542,115.4849125,230.9693689,461.9347172,30.01992622,28.47509788,0.025802479,1.112594307,2.108715356,1.795980428,-22.84079896,-57.97028998,-60.31576492,-66.20417506,0.858787717,0.401103394,0.085251123,0.994506775,0.978618669,0.974147576,0.916736408,0.031450581,0.009120668,0.027362005,0.39,0.48,0.400001551,0.448275862,0.551724138,0.8125,48.92983145,0.494794644,0.681866819,0.720590011,0.622470041,3.341119348,6.424940116,7.021614025,5.828266207,1.031919519,1.360604675,1.807407378,-29.97807458,-37.1868041,NA,NA,NA,NA,NA,NA,65.7
118,0.612,0.214,140.1869159,75.37688442,0.509783559,135.6,111.6,1.38312,1.13832,-0.164969,-0.275562,0.0169065,0.351801,0.352883,29.0184,44.4168,24,0.038162768,0.146,0.258,0.712097659,74,130,0.712097659,0.146,0.044,0.170461667,0.170461667,307,97.71986971,0.148,0.161765993,0.0975528,-0.920092079,0.460630089,-1.426545918,14.24406073,8.102270707,9.684838239,0.718528373,1.015781349,1.438294937,57.87276305,115.6955215,231.1771847,14.75870527,14.29533067,0.038358765,2.292436316,2.858764656,2.611640368,-17.4122562,-55.50341185,-57.27192992,-63.36864174,0.481583622,0.257620076,0.165340288,0.989031424,0.958333939,0.950214479,0.849030801,0.030658301,0.006560876,0.01876288,0.314,0.298,0.285320247,0.513071895,0.486928105,1.053691275,41.05949887,0.405922979,0.547975034,0.672740696,0.287470046,4.395954919,8.517428158,13.74561953,3.289236784,1.770403347,0.656570821,2.55630942,-36.11621043,-49.12797443,36,178,137,43.24,149,101,25.2
120,0.868,0.298,100.6711409,52.63157895,0.774218738,97.2,67.8,1.40616,0.98084,-0.248148,-0.221626,0.23419,0.35591,0.415488,28.9656,38.646,29.4,0.030086554,0.216,0.326,0.792968897,109,164,0.792968897,0.216,0.028,0.116899751,0.116899751,435,68.96551724,0.218,0.228514887,0.168816338,0.406554924,0.263572911,-2.243184426,10.92434406,7.518805087,8.222245412,0.716968936,1.013346749,1.432483135,97.04192939,194.0758879,388.116137,21.5666117,27.42215628,0.023270065,1.180203724,2.095506288,1.793487938,-23.97184721,-56.98465914,-59.21509028,-65.17688633,0.841816832,0.391999072,0.107710693,0.995428934,0.98192664,0.978160849,0.926842758,0.024556941,0.007317968,0.021315425,0.398,0.47,0.367845241,0.458525346,0.541474654,0.846808511,64.24605643,0.328538538,0.468849671,0.449448129,0.515131445,3.67676492,6.824307131,8.418709904,5.229904357,0.907571623,0.943538325,2.220272535,-23.41467021,-30.63948181,60,175,111,36.24,120,80,64.7
125,1.052,0.292,102.739726,39.47368421,0.761629204,99.6,44.4,1.74632,0.77848,-0.256277,0.172702,0.291674,0.335544,0.393805,29.0832,33.744,55.2,0.037575328,0.194,0.292,0.761629204,98,147,0.761629204,0.194,0,0.142051056,0.142051056,527,56.9259962,0.196,0.231875267,0.167522597,1.009603238,0.398249984,-3.039402548,5.865718376,4.066623706,3.840348457,0.857789288,1.213052023,1.715531819,127.1626973,254.325284,508.6486071,32.2681318,32.42288341,0.020941242,1.127156845,1.859244321,1.367671297,-26.36049837,-59.12504014,-61.5507343,-67.40523609,0.781865584,0.441843983,0.071557686,0.996197875,0.985000264,0.981798823,0.941641212,0.028334928,0.008273799,0.029808345,0.392,0.66,0.555590698,0.372623574,0.627376426,0.593939394,46.12174112,0.797331315,1.15364527,1.333288232,1.054736863,17.36426417,34.00956084,54.46576223,13.55335946,6.71549732,1.937902025,1.61739593,-32.71027379,-38.02598765,NA,NA,NA,NA,NA,NA,50
128,1.01,0.334,89.82035928,44.37869822,0.675083055,84,64.2,1.414,1.0807,-0.105934,-0.211914,0.163338,0.285114,0.312148,28.056,43.3992,19.8,0.045020831,0.174,0.334,0.675083055,88,168,0.675083055,0.174,0,0.128434558,0.128434558,506,59.28853755,0.176,0.271560188,0.188994253,0.882584756,0.461856208,-5.172721333,11.35507057,6.726016176,7.145732012,0.804449848,1.137861341,1.60948884,121.3622747,242.7143473,485.3758435,32.34177677,28.57757531,0.023858945,1.109000114,1.844432916,1.454897125,-28.14775369,-57.80159365,-60.36033242,-66.25090894,0.804997622,0.439144018,0.066269124,0.995218639,0.981396911,0.977439305,0.931410171,0.033826228,0.01129796,0.03416449,0.434,0.576,0.927727149,0.42970297,0.57029703,0.753472222,55.34656596,1.265519204,1.68044056,1.851047444,0.751165857,24.37192291,47.39275603,76.27085436,18.5146577,9.13777342,3.028847209,1.872527962,-25.0170642,-36.07312028,NA,NA,NA,NA,NA,NA,70.1
145,1.02,0.292,102.739726,41.20879121,0.441969631,99,57.6,1.683,0.9792,-0.146966,-0.120191,0.213321,0.210076,0.239879,28.908,41.9328,41.4,0.025344077,0.178,0.38,0.589234729,90,191,0.589234729,0.178,0.088,0.166386867,0.166386867,511,58.70841487,0.18,0.201727629,0.143145819,0.948382953,0.315219337,-1.581009924,7.371085187,6.156729659,5.491664572,0.926887132,1.310580831,1.853417478,100.8872532,201.774015,403.54506,28.48680592,22.77627204,0.022352286,1.309831332,2.295967486,1.468348599,-23.96227012,-60.08519326,-62.27028139,-68.13924457,0.741380303,0.379625186,0.072591672,0.995724445,0.982996271,0.979431019,0.929593635,0.021593163,0.006305204,0.022025027,0.392,0.628,0.39212393,0.384313725,0.615686275,0.624203822,58.39119799,0.515418761,0.650985987,0.54396483,0.594723266,4.335981889,7.994973291,7.802014629,8.187931953,0.957923537,1.035962047,1.481809049,-29.06302795,-34.66006765,NA,NA,NA,NA,NA,NA,61.9
147,0.658,0.242,123.9669421,72.11538462,0.422167887,125.4,110.4,1.37522,1.21072,-0.173838,-0.200174,-0.128839,0.258081,0.281958,30.3468,45.9264,15,0.039768666,0.142,0.278,0.541670706,72,140,0.541670706,0.142,0.036,0.131119477,0.131119477,330,90.90909091,0.144,0.183694105,0.122202915,-0.632516886,0.534873924,-1.548791052,7.859161457,7.4209828,6.816180311,0.773426455,1.093725081,1.54830842,70.73997517,141.479831,282.948015,20.06751208,15.67466602,0.033656576,2.219433724,2.651176035,2.363347463,-19.39858245,-56.13535284,-58.27613658,-64.34803076,0.578593419,0.280065117,0.132096672,0.991228537,0.966168195,0.959495085,0.87388458,0.031014434,0.007505493,0.020407498,0.342,0.316,0.170748692,0.519756839,0.480243161,1.082278481,38.41332306,0.234996761,0.320890294,0.348645584,0.354178345,1.585030922,3.130637108,4.267407325,1.993866891,0.554396256,0.375470531,2.168982369,-40.31689911,-50.64896669,NA,NA,NA,NA,NA,NA,28.1
150,0.78,0.286,104.8951049,60.72874494,0.499330831,100.8,77.4,1.3104,1.0062,-0.140943,-0.148556,0.1926,0.199225,0.263294,28.8288,38.2356,23.4,0.037850662,0.18,0.312,0.504627543,91,157,0.504627543,0.18,0.026,0.08450243,0.08450243,391,76.72634271,0.182,0.21656289,0.170899941,0.00163798,0.437472807,-1.666810581,8.141685467,7.669059332,7.089565179,0.881378681,1.246316033,1.763230159,101.3134866,202.6236701,405.2358795,30.62532737,21.22925376,0.024707817,1.306498224,2.295805728,1.885593905,-23.37290181,-57.82744462,-60.01691795,-65.91429237,0.788870891,0.341100383,0.067282007,0.994901174,0.979917061,0.975771501,0.922010601,0.027511263,0.007868221,0.021458785,0.386,0.394,0.244705987,0.494871795,0.505128205,0.979695431,80.01839403,0.281129642,0.374559603,0.407257815,0.284250776,2.017260729,3.532554333,5.513380592,1.551728074,0.661977603,0.231467814,2.047275935,-20.73911049,-26.04666792,73,165,73,26.81,128,75,60.4
155,0.88,0.262,114.5038168,48.54368932,0.516953877,109.2,81,1.6016,1.188,-0.0825169,-0.281613,0.0264125,0.25466,0.331546,28.6104,50.058,28.2,0.060515219,0.074,0.326,0.674535526,38,164,0.674535526,0.074,0.064,-0.070130294,0.070130294,441,68.02721088,0.076,0.202104788,0.203231773,0.264563583,0.60155189,-2.927337777,9.024648485,7.03133602,6.23507536,0.837898723,1.184849362,1.673959816,101.4187739,202.8374339,405.6491731,24.64544317,26.2149587,0.031815028,1.365822135,2.106096599,1.514548812,-21.79652568,-57.62913555,-59.83242866,-65.85132287,0.81054436,0.411513206,0.087114806,0.992099904,0.970221736,0.964077724,0.90169625,0.041716728,0.010929783,0.036710721,0.362,0.518,0.538059968,0.411363636,0.588636364,0.698841699,72.58560594,0.449150538,0.612948935,0.627525079,0.663226591,4.250044301,7.840914939,9.991562125,5.690267752,1.257638546,0.729650905,2.126328668,-20.07354256,-30.19852027,33,185,98,28.63,123,81,59
156,0.668,0.23,130.4347826,68.49315068,0.617906683,124.8,79.8,1.38944,0.88844,-0.184901,0.0374818,0.331107,0.17905,0.326055,28.704,34.9524,45,0.041474654,0.126,0.254,0.684741488,64,128,0.684741488,0.126,0.024,0.488020177,0.488020177,335,89.55223881,0.128,0.166362519,0.035869512,-0.210487286,0.954407295,-2.25,7.664311014,7.620002984,7.105176964,0.999685176,1.413338274,1.999334272,109.0546253,218.1057271,436.1926992,31.34782442,24.03239249,0.027650517,1.769892077,2.494165026,2.24714233,-21.59817391,-58.33189323,-60.74382878,-66.53211144,0.634338078,0.302601116,0.099832065,0.993807967,0.975514958,0.970662303,0.89902745,0.026977727,0.006204877,0.018021121,0.33,0.338,0.320285081,0.494011976,0.505988024,0.976331361,67.22746661,0.466925618,0.496629496,0.647728634,0.381200628,4.554142328,6.739412989,8.439633897,5.03919208,1.041530475,0.809079266,1.626718904,-28.07801786,-31.64128655,79,178,64,20.2,115,82,9.2
174,1.266,0.306,98.03921569,31.25,0.700704524,99,28.8,2.0889,0.60768,-0.33858,0.282867,0.188497,0.374943,0.380429,30.294,27.648,70.2,0.017828888,0.206,0.39,0.721889639,104,196,0.721889639,0.206,0.084,NA,NA,634,47.31861199,0.208,0.221657049,0,NA,0.306255414,-1.438345,4.564093268,3.602079695,3.226288447,0.808651204,1.14344799,1.616858249,115.2673344,230.5337387,461.0632434,26.49110826,31.51685518,0.017336798,1.561128847,1.775806718,1.605190662,-26.54935602,-59.91601773,-62.01347509,-67.96078879,0.679791601,0.473544726,0.063907236,0.997266116,0.988868974,0.986510202,0.950286725,0.015613266,0.004777659,0.019766394,0.406,0.86,0.364860043,0.320695103,0.679304897,0.472093023,56.71345819,0.394390957,0.56293156,0.50720488,0.622038057,4.903442534,9.416939717,8.509338103,10.32454133,1.165929718,1.509336581,1.677376723,-25.24322757,-35.18752014,NA,NA,NA,NA,NA,NA,39.8
182,1.118,0.314,95.54140127,37.31343284,0.706096249,92.4,48,1.72172,0.8944,-0.225659,-0.0551797,0.295815,0.363275,0.378757,29.0136,38.592,44.4,0.030114576,0.122,0.392,0.759026499,62,197,0.759026499,0.122,0.078,-0.046267271,0.046267271,560,53.57142857,0.124,0.255338809,0.246722767,0.982304158,0.343510545,-2.309310516,4.962572004,3.979880875,3.591854825,0.755720295,1.068751126,1.511113527,124.494886,248.9890625,497.9733519,28.91650121,33.38227362,0.021014208,1.345528896,1.752444735,1.244025972,-26.29045941,-58.36577414,-60.63335955,-66.57008287,0.751636353,0.466778763,0.069553422,0.996160285,0.984666358,0.981427022,0.936532005,0.025954824,0.008149815,0.029017493,0.414,0.704,0.807333069,0.370304114,0.629695886,0.588068182,62.18823337,1.155349116,1.540751136,1.4697921,1.652559137,35.18816261,64.22582264,68.14442008,60.3072252,8.541568285,7.682744377,1.610366419,-20.345164,-33.97000046,33,193,106,28.46,123,80,55
189,0.802,0.282,106.3829787,57.69230769,0.718252084,98.4,78.6,1.31528,1.05062,-0.153969,-0.232045,0.212453,0.359989,0.400783,27.7488,40.872,19.8,0.058137793,0.21,0.312,0.759133644,106,157,0.759133644,0.21,0.03,0.076861041,0.076861041,402,74.62686567,0.212,0.237663599,0.21105688,0.094771489,0.415600765,-3.346563511,10.99805331,7.204736953,8.082966112,0.717498054,1.014752428,1.435272149,101.4892398,202.9638418,405.8338288,24.01028416,26.99378004,0.031041713,1.199557009,2.211153793,1.788725097,-23.06471428,-56.96240168,-58.99505384,-65.07874675,0.842142729,0.367990598,0.075829044,0.992436993,0.97161589,0.965641445,0.907602272,0.039914146,0.011255789,0.032011145,0.382,0.42,0.982595407,0.476309227,0.523690773,0.90952381,46.29149433,1.317343434,1.867937968,2.229489467,0.969518609,30.02007205,59.61485747,102.5627215,16.66699343,12.21227855,2.654096735,1.470295692,-26.94236117,-42.98234315,51,155,59,24.56,133,86,63.9
190,0.706,0.244,122.9508197,64.93506494,0.544042832,118.2,89.4,1.39082,1.05194,-0.153227,-0.213109,0.151701,0.188881,0.25942,28.8408,41.3028,28.8,0.032458884,0.14,0.256,0.54475997,71,129,0.54475997,0.14,0.012,0.009753447,0.009753447,354,84.74576271,0.142,0.17993548,0.157443598,-0.458043163,0.394135786,-1.61277177,9.678890994,6.546269389,6.873191843,0.908618513,1.285066794,1.816896807,92.12519727,184.2492092,368.4896857,26.54056417,19.73412603,0.026469293,1.642279352,2.470922818,2.374406664,-21.97048275,-57.55407805,-60.01044629,-65.59491892,0.695718465,0.307074357,0.096633937,0.994256581,0.977615267,0.972917439,0.911897296,0.026450329,0.00645388,0.018673932,0.344,0.362,0.631798743,0.487252125,0.512747875,0.950276243,44.24300899,0.892057247,1.253595559,1.427877346,0.711499669,18.48454566,36.40960703,59.26239666,13.5568174,7.18411181,2.005608768,1.990765894,-33.08929311,-42.48377985,45,165,51,18.73,124,81,43
191,1.186,0.314,95.54140127,34.40366972,0.568756975,86.4,50.4,1.70784,0.99624,-0.0583322,-0.0519228,0.271939,0.283633,0.33766,27.1296,43.9488,36,0.050093129,0.068,0.356,0.721632378,35,179,0.721632378,0.068,0.042,-0.049212831,0.049212831,594,50.50505051,0.07,0.252878649,0.224287161,1.126544745,0.481734438,-2.212212498,16.49470194,5.900209409,5.293613418,0.815327689,1.153155408,1.626472244,131.1221614,262.1524325,523.881774,35.43326379,30.07283951,0.027888858,1.602569614,1.918321094,1.579511996,-21.07307768,-59.414463,-61.5613192,-67.56516387,0.709694724,0.463185045,0.073463467,0.993696279,0.975596528,0.970592961,0.911071089,0.038401177,0.012057969,0.045543795,0.414,0.772,0.583274374,0.349072513,0.650927487,0.53626943,60.20901565,0.822773329,1.129284714,1.088051957,0.763878263,6.943962419,13.71572858,18.39603159,9.035425575,2.221201264,1.19680516,1.665211217,-25.22295271,-34.03053167,NA,NA,NA,NA,NA,NA,50.9
201,1.058,0.296,101.3513514,39.37007874,0.774418506,97.2,49.2,1.71396,0.86756,-0.246006,-0.00318554,0.32982,0.385058,0.410462,28.7712,37.4904,48,0.035929718,0.224,0.344,0.785016429,113,173,0.785016429,0.224,0.048,0.055433652,0.055433652,530,56.60377358,0.226,0.243316289,0.198297312,0.93845252,0.323836828,-2.61122877,6.749566817,4.29745908,4.34453051,0.741290192,1.04831126,1.483158719,121.8683657,243.725251,487.3955028,27.09206778,34.15483194,0.022034321,1.170251425,1.841625074,1.380694649,-25.2343745,-58.20618522,-60.17872783,-66.18265992,0.786632579,0.451370099,0.075234487,0.995842508,0.983736768,0.980230108,0.937126184,0.029296469,0.008671755,0.030995664,0.396,0.662,0.601363721,0.374291115,0.625708885,0.598187311,51.58889873,0.738110421,1.046114992,1.223622767,0.782509111,12.40776742,24.54133342,37.33820765,11.74445919,4.662392358,1.917216447,1.985353511,-29.3706309,-34.95766369,NA,NA,NA,NA,NA,NA,51.2
222,0.912,0.302,99.33774834,49.18032787,0.754236095,94.2,63.6,1.43184,0.96672,-0.190406,-0.135882,0.276918,0.35212,0.39328,28.4484,38.796,30.6,0.050810518,0.196,0.32,0.756853124,99,161,0.756853124,0.196,0.018,0.048847178,0.048847178,457,65.64551422,0.198,0.259080844,0.212955803,0.497862495,0.35412725,-3.730989297,9.397467827,6.513266541,6.711087327,0.743093927,1.050817273,1.485819014,120.2876762,240.5703065,481.0956426,30.01148039,30.34828627,0.025557934,1.051982925,1.904801888,1.404525983,-26.83518758,-58.10176167,-60.10551001,-66.0662018,0.865446192,0.427439828,0.062982101,0.994587779,0.978878325,0.974489699,0.923725797,0.035826858,0.010819711,0.032674095,0.402,0.51,0.998987604,0.440789474,0.559210526,0.788235294,46.59377445,1.317732938,1.869202072,2.303837399,1.229544337,30.44875324,60.78906541,98.52268599,23.05544483,11.7236273,3.442276067,1.134908633,-32.95464931,-42.68346634,75,162,49,18.67,135,82,68
234,0.962,0.304,98.68421053,45.59270517,0.520083477,96,50.4,1.5392,0.80808,-0.184485,0.125426,0.245407,0.33811,0.340572,29.184,33.1632,45.6,0.036060563,0.206,0.348,0.62534678,104,175,0.62534678,0.206,0.044,0.193213753,0.193213753,482,62.2406639,0.208,0.236795616,0.177181312,0.805661886,0.402414836,-1.391277634,11.86417339,8.093955852,8.21553494,0.827101753,1.169725674,1.653312714,100.0332342,200.0472927,400.0063117,29.11936541,21.01119087,0.026931024,1.131606577,2.232009118,1.681678575,-20.8696557,-57.70904334,-59.83342374,-65.80311905,0.824048318,0.38541785,0.079175244,0.99408874,0.977141369,0.972392453,0.913043466,0.029488421,0.00896448,0.028367861,0.404,0.558,0.524011084,0.41995842,0.58004158,0.724014337,53.19234076,0.747575979,0.960321889,1.140544788,0.602299906,7.402329725,14.50784889,21.14905953,7.866638239,2.591500636,1.149816612,1.806804113,-27.56361809,-36.75148562,NA,NA,NA,NA,NA,NA,64.6
276,1.002,0.294,102.0408163,42.37288136,0.65194018,96,60,1.6032,1.002,-0.138594,-0.141674,0.244238,0.349021,0.359494,28.224,42.48,36,0.054679543,0.194,0.338,0.748748092,98,170,0.748748092,0.194,0.044,0.063525162,0.063525162,502,59.76095618,0.196,0.251368361,0.184689917,0.794999265,0.437060222,-3.352044738,9.556277621,7.158702628,6.791556037,0.747858851,1.057669821,1.496711845,113.8474438,227.6946408,455.3743956,29.05552389,29.02811615,0.02819818,1.320654083,1.978844912,1.694889448,-23.01940465,-57.63542043,-59.4451341,-65.54924287,0.778287301,0.432152947,0.052871515,0.993596648,0.97565799,0.970512054,0.917172795,0.040820496,0.012001226,0.040902137,0.394,0.608,0.880390628,0.393213573,0.606786427,0.648026316,48.31170105,1.210843252,1.692127087,1.944789753,1.369308985,25.4762071,50.24882984,74.4795007,26.01815897,9.023801256,3.59309548,1.39215518,-35.55499972,-41.34564991,NA,NA,NA,NA,NA,NA,69.3
292,1.148,0.29,103.4482759,34.96503497,0.710078941,100.8,41.4,1.92864,0.79212,-0.243004,0.0975281,0.2782,0.392203,0.394979,29.232,35.5212,59.4,0.030808039,0.126,0.352,0.776117787,64,177,0.776117787,0.126,0.062,-0.028073249,0.028073249,575,52.17391304,0.128,0.233401425,0.222459807,1.067578925,0.377818909,-2.277438065,9.468044221,4.283413283,4.367811466,0.749861573,1.060500604,1.498177637,111.4573006,222.9011722,445.7423269,26.65055472,29.79169967,0.022594152,1.480996431,1.792450078,1.576504197,-23.97753904,-58.83004467,-60.98842317,-66.94631646,0.722365714,0.471962309,0.080541436,0.995645896,0.982755801,0.979121806,0.929821192,0.025866822,0.007501378,0.029695112,0.39,0.758,0.552626004,0.339721254,0.660278746,0.514511873,42.55750319,0.660626956,0.974652369,0.997687696,0.854144175,10.66261193,20.93612191,28.29763338,13.57461045,3.478327355,1.802694975,1.724067361,-32.26404043,-41.62288559,NA,NA,NA,NA,NA,NA,48.1
304,1.108,0.27,111.1111111,35.79952267,0.478670676,108.6,52.8,2.00548,0.97504,-0.164771,-0.131438,0.223745,0.275307,0.294964,29.322,44.2464,55.8,0.02295437,0.128,0.38,0.671645004,65,191,0.671645004,0.128,0.11,0.631990061,0.631990061,555,54.05405405,0.13,0.186493944,0.043079663,1.637395467,0.786504257,-1.746514151,9.384511764,4.070582257,4.350227777,0.884387429,1.25068323,1.768948895,95.38473056,190.7430094,381.3779473,23.54998382,24.23056692,0.024297117,1.594856615,2.18235786,1.408364588,-23.99992223,-59.15706408,-61.33522674,-67.30756311,0.661947181,0.414215078,0.110394464,0.995048068,0.98040776,0.976299692,0.918420753,0.020602774,0.005562749,0.022827874,0.37,0.738,0.570553174,0.333935018,0.666064982,0.501355014,58.09657994,0.715905391,0.974523916,1.261889654,0.666020663,13.14280281,25.99386567,41.18590296,10.80182839,4.90289972,1.699283397,2.192260804,-26.82507914,-32.55192302,NA,NA,NA,NA,NA,NA,46.6
314,0.854,0.296,101.3513514,53.76344086,0.627192345,99.6,58.2,1.41764,0.82838,-0.208308,0.0561846,0.266548,0.319189,0.338121,29.4816,32.4756,41.4,0.035902623,0.18,0.296,0.627192345,91,149,0.627192345,0.18,0,0.23897771,0.23897771,428,70.09345794,0.182,0.230765526,0.136808309,0.474491729,0.370108765,-2.205611554,10.9819966,6.98236575,7.504249218,0.816763743,1.155132059,1.633628778,95.45535802,190.9086335,381.8033714,27.73331223,20.51084614,0.0239537,1.1911124,2.064807901,1.605193373,-26.50509723,-58.24104817,-60.26540133,-66.21677769,0.836059898,0.39225156,0.08844933,0.995185759,0.981249717,0.977267468,0.928567701,0.027296237,0.008079686,0.023310986,0.396,0.458,0.911889018,0.463700234,0.536299766,0.864628821,53.9568241,0.890833454,1.400248265,1.584447675,1.342357951,22.67198131,43.78714853,54.17687791,33.39741916,6.751150087,4.544590832,1.751283722,-24.82474128,-37.31223351,NA,NA,NA,NA,NA,NA,74.7
318,0.972,0.3,100,44.64285714,0.727105797,99,46.2,1.6038,0.74844,-0.272818,0.173786,0.271128,0.408548,0.409422,29.7,31.0464,52.8,0.0277685,0.222,0.3,0.727105797,112,151,0.727105797,0.222,0,0.159222774,0.159222774,487,61.60164271,0.224,0.227460468,0.1714756,0.802343924,0.233852202,-2.149614829,12.74184405,7.060161572,8.443252204,0.775249076,1.096774125,1.55229471,91.52560278,183.0377082,366.0121725,23.92307634,22.50871685,0.022149111,1.04434062,2.029508634,1.219745201,-24.73834123,-57.2561961,-59.30798781,-65.4452089,0.846069738,0.410275982,0.096183924,0.99579484,0.983258944,0.979750713,0.931675395,0.022574088,0.006772227,0.021942014,0.4,0.572,0.803141659,0.411522634,0.588477366,0.699300699,59.16442253,0.920905164,1.294295604,1.402878785,1.23725483,12.30237703,24.11119864,30.19205687,18.0303404,3.653144032,2.343988704,1.859229172,-26.75585934,-33.27579015,NA,NA,NA,NA,NA,NA,58
321,0.996,0.324,92.59259259,44.64285714,0.641013187,91.2,48,1.51392,0.7968,-0.232417,0.085444,0.268716,0.345532,0.346044,29.5488,32.256,43.2,0.031133095,0.218,0.324,0.641013187,110,163,0.641013187,0.218,0,0.159902225,0.159902225,499,60.12024048,0.22,0.251551629,0.184591195,0.874130682,0.368276966,-1.948752361,10.80138758,7.283827174,7.525005282,0.803325998,1.136222749,1.606820879,102.5929397,205.1801253,410.3341961,28.81678732,22.85780012,0.021612648,1.057117589,2.01739356,1.410206402,-24.91743715,-57.81965028,-60.08334766,-65.97847792,0.821476262,0.409765147,0.077225556,0.995974698,0.984042012,0.980678017,0.935652999,0.024696955,0.008001813,0.024598167,0.424,0.572,0.538879819,0.425702811,0.574297189,0.741258741,50.34469386,0.710754234,1.008313981,1.352554165,0.73814883,11.78772634,23.33616481,36.5394389,10.13289072,4.444566843,1.568362642,1.606867477,-27.98241972,-41.98084793,NA,NA,NA,NA,NA,NA,61.3
322,0.854,0.264,113.6363636,50.84745763,0.335762298,112.2,84.6,1.59698,1.20414,-0.0660953,-0.168692,-0.0189378,0.0748336,0.188965,29.6208,49.914,27.6,0.033515005,0.116,0.35,0.391798887,59,176,0.391798887,0.116,0.086,-0.029514281,0.029514281,428,70.09345794,0.118,0.179894881,0.185090206,0.205999737,0.639634413,-1.520886632,6.351699063,5.627416124,5.271133027,1.040447945,1.471441911,2.08204372,102.6646618,205.3261097,410.6407484,34.72073568,16.97963677,0.026618939,1.574670008,2.36811091,2.222498639,-22.52573625,-60.3614733,-62.32598218,-68.31956174,0.709956761,0.344144593,0.066026822,0.99419399,0.97716706,0.972449467,0.907426645,0.026530792,0.007004129,0.022657296,0.364,0.49,0.296824351,0.426229508,0.573770492,0.742857143,91.63560811,0.257805291,0.321326603,0.28382196,0.34797701,2.232433597,2.969797271,2.660309528,3.279285013,0.385709762,0.410496618,1.551048003,-20.55511178,-26.11232644,42,172,97,32.79,119,79,25.4
329,1.012,0.286,104.8951049,41.32231405,0.306382065,97.8,78,1.64956,1.3156,0.0466047,-0.181474,-0.0284798,0.111047,0.172379,27.9708,56.628,19.8,0.0440234,0.08,0.362,0.459009684,41,182,0.459009684,0.08,0.076,-0.344615399,0.344615399,507,59.17159763,0.082,0.175001057,0.208303585,0.415147915,0.881316207,-2.829259738,6.978042146,6.55514635,5.700550782,1.063128714,1.504010106,2.133754183,89.33260642,178.6643341,357.3153156,28.13127223,16.75116603,0.030859642,1.866237423,2.24141576,1.177312003,-20.54093206,-58.25845666,-60.60059309,-66.56783866,0.608313373,0.407296558,0.044526113,0.992497196,0.971269538,0.965339783,0.894823405,0.034868334,0.009972343,0.035286754,0.386,0.626,0.707620564,0.381422925,0.618577075,0.616613419,88.05552138,0.728019987,1.029518476,1.359394339,0.750211356,13.45673251,24.10487984,36.11594396,12.09381572,4.868771374,1.80680424,2.212103619,-24.462359,-27.44758232,23,185,93,27.17,106,68,60.2
335,0.75,0.254,118.1102362,60.48387097,0.630556436,115.8,88.2,1.4475,1.1025,-0.170411,-0.253741,0.0541313,0.307219,0.334531,29.4132,43.7472,27.6,0.042759905,0.094,0.254,0.630556436,48,128,0.630556436,0.094,0,-0.059647911,0.059647911,376,79.78723404,0.096,0.203614092,0.194842617,-0.289435145,0.427984152,-2.332209148,10.89426062,6.847122916,6.885831678,0.754453031,1.067001229,1.508127764,83.6018153,167.1988929,334.3697448,21.78119414,20.03243826,0.030042691,1.649279869,2.207488688,1.868502049,-23.12993072,-56.96826616,-58.9684321,-64.96419201,0.74006527,0.367280637,0.089119926,0.992803099,0.972083951,0.966356766,0.896081706,0.03402844,0.008643224,0.02552133,0.354,0.396,0.963128862,0.472,0.528,0.893939394,37.99194541,1.251202118,1.758102489,2.421165777,0.799732331,35.97395114,71.54916459,123.2271584,19.87117074,14.65683763,3.713307776,1.23065876,-43.29160798,-47.46700432,NA,NA,NA,NA,NA,NA,51.3
350,0.636,0.232,129.3103448,74.25742574,0.401898559,127.2,144,1.34832,1.5264,0.00130766,0.0328064,-0.203879,0.065796,0.220621,29.5104,58.176,-16.8,0.051435859,0.064,0.25,0.413905117,33,126,0.413905117,0.064,0.018,-0.371618508,0.371618508,319,94.04388715,0.066,0.144474044,0.159057632,-1.285725091,0.926034305,-2.362548813,11.4968218,6.891383176,7.242814496,1.050156262,1.484565971,2.089018951,72.8735188,145.7202061,291.3553602,22.72570698,14.88168589,0.037527152,2.18768088,2.566319389,2.099731091,-18.98083886,-58.22080294,-60.40336006,-66.18869837,0.591337432,0.306509827,0.092634635,0.989442743,0.959652763,0.951824121,0.854973805,0.038583473,0.008951366,0.024539089,0.332,0.304,0.733355123,0.522012579,0.477987421,1.092105263,93.22428495,0.698561631,0.76735712,0.70080937,0.616845861,12.78884758,11.54000759,11.357,11.72301518,1.550009243,1.497907125,1.222081335,-24.44600484,-28.0153877,53,173,115,38.42,137,98,47.6
370,1.106,0.34,88.23529412,39.16449086,0.547384623,82.2,57,1.51522,1.0507,-0.0653699,-0.136463,0.205072,0.247665,0.272257,27.948,43.662,25.2,0.042118631,0.178,0.374,0.594996037,90,188,0.594996037,0.178,0.034,0.042733287,0.042733287,554,54.15162455,0.18,0.281699971,0.231626183,1.043455309,0.443824871,-2.415613336,8.400004108,4.35008182,4.555009853,0.857807884,1.213020301,1.714451208,140.3256539,280.6187032,561.0847747,41.38327456,28.83784667,0.02357062,1.289447423,1.890776749,1.447162654,-24.34059296,-58.7907284,-60.97935911,-67.00445273,0.755073872,0.442549335,0.059356598,0.995321033,0.981843709,0.9779422,0.932048318,0.034453316,0.011714127,0.038105368,0.44,0.666,0.970962264,0.397830018,0.602169982,0.660660661,47.81834183,1.040688168,1.45916094,1.753207522,1.378367614,22.01398558,43.43928463,51.6256751,35.25289415,6.434458309,4.742036964,1.313017786,-31.66022518,-40.92519522,NA,NA,NA,NA,NA,NA,65.3
379,0.796,0.286,104.8951049,58.82352941,0.559612621,102,69,1.3532,0.9154,-0.170084,-0.0601764,0.233215,0.282299,0.331651,29.172,35.19,33,0.04161096,0.168,0.322,0.630645839,85,162,0.630645839,0.168,0.036,0.221170089,0.221170089,399,75.18796992,0.17,0.22025257,0.147790413,0.212147532,0.347150431,-2.588872766,8.135410824,7.240202888,6.849216128,0.811276708,1.147338356,1.624095764,88.265991,176.5289413,353.0446635,25.43788825,20.22842765,0.027601296,1.390756555,2.332543249,1.867650775,-22.84145647,-57.34058827,-59.41658546,-65.41722664,0.795778426,0.340899779,0.086572299,0.993810732,0.976149889,0.971179266,0.913382997,0.032977633,0.009431603,0.026250196,0.386,0.41,0.77990483,0.484924623,0.515075377,0.941463415,41.19048172,1.086516001,1.509695901,1.473541275,1.257054702,13.75249234,26.65266042,33.59055467,19.71476617,4.059837863,2.585255339,1.730030509,-33.85577224,-42.26951834,NA,NA,NA,NA,NA,NA,63.7
390,0.938,0.266,112.7819549,44.64285714,0.468502309,112.2,68.4,1.75406,1.06932,-0.144238,-0.203131,0.0946373,0.245746,0.247594,29.8452,45.9648,43.8,0.029048206,0.128,0.36,0.545649153,65,181,0.545649153,0.128,0.094,-0.140270781,0.140270781,470,63.82978723,0.13,0.185414985,0.192013557,0.395899431,0.557232292,-2.271026601,9.838546933,5.707943344,5.851411494,0.871720709,1.232873438,1.745338731,80.59257403,161.1831967,322.3565305,23.33696055,17.55048684,0.026430845,1.694021388,2.323648885,1.45557621,-24.97675648,-58.67918918,-60.79739235,-66.78103854,0.717917247,0.357387232,0.087765468,0.994250154,0.97720919,0.972539509,0.906064773,0.023726727,0.006311309,0.02225567,0.366,0.572,0.707161042,0.390191898,0.609808102,0.63986014,50.78868448,1.012049942,1.443867289,1.663548172,0.743189166,18.21390056,35.96581185,55.66521224,16.26641147,6.60379243,2.443408307,1.982023656,-30.52233065,-37.23465647,NA,NA,NA,NA,NA,NA,58.1
409,1.026,0.344,87.20930233,43.98826979,0.430726923,86.4,46.2,1.47744,0.79002,-0.155232,0.126043,0.192652,0.1914,0.23984,29.7216,31.5084,40.2,0.023812463,0.2,0.344,0.430726923,101,173,0.430726923,0.2,0,0.478840557,0.478840557,514,58.36575875,0.202,0.256948387,0.083450112,1.277284137,0.291412192,-1.055923247,6.40647361,4.178295462,4.18924387,0.971718377,1.374164381,1.943137574,135.1159624,270.2222642,540.3942913,44.9670719,22.66908825,0.019635662,1.01521766,2.055525373,1.668759793,-25.06030729,-59.35571949,-61.36534683,-67.28906915,0.757779123,0.396589354,0.05704416,0.996601567,0.986405077,0.983516684,0.942874556,0.020041711,0.006894349,0.020562795,0.444,0.582,0.366700311,0.432748538,0.567251462,0.762886598,46.16623964,0.467018719,0.650590328,0.670842277,0.625022087,3.555705417,6.783421214,9.260331872,4.306510556,1.13921285,0.639444722,1.650728469,-34.33024737,-42.93707305,NA,NA,NA,NA,NA,NA,48.9
421,1.078,0.288,104.1666667,37.97468354,0.549310637,94.8,58.8,1.70324,1.05644,-0.0531702,-0.14426,0.236476,0.205837,0.295194,27.3024,46.452,36,0.046301725,0.104,0.318,0.657214352,53,160,0.657214352,0.104,0.03,-0.264804763,0.264804763,540,55.55555556,0.106,0.209663222,0.216615628,0.66852857,0.567961955,-2.782886907,10.31839131,5.068790992,4.683125081,0.963416293,1.362621741,1.927525938,121.1476822,242.2791448,484.4586557,31.05960941,29.62621353,0.026079934,1.489973069,1.709939536,1.202495563,-24.4947127,-60.85234569,-63.18904431,-69.27618003,0.717364105,0.477585096,0.08852869,0.994421895,0.97867174,0.97416324,0.924512974,0.033722328,0.00971203,0.036352669,0.388,0.69,0.513780115,0.359925788,0.640074212,0.562318841,70.79321403,0.510215268,0.737655076,0.950644645,0.277244427,4.001592999,7.66201439,13.57089007,1.753138712,1.772671578,0.623838765,2.630924122,-23.01126169,-29.79599047,22,175,72,23.51,108,66,58.6
432,0.92,0.3,100,48.38709677,0.58426131,92.4,75,1.4168,1.15,-0.0464593,-0.228386,0.108505,0.22743,0.310268,27.72,46.5,17.4,0.059430108,0.074,0.338,0.604627954,38,170,0.604627954,0.074,0.038,-0.068846878,0.068846878,461,65.07592191,0.076,0.242039212,0.233585089,0.407508871,0.41567153,-3.157530253,15.43950189,7.151436936,7.132704874,0.854567712,1.208099981,1.707341663,118.9191081,237.8347668,475.6174288,33.06793274,26.78333113,0.029681696,1.107206883,1.949271958,1.820378137,-24.56238931,-59.03378773,-61.21534679,-67.12878709,0.836564815,0.426985594,0.068544249,0.993007751,0.973708597,0.968086464,0.913669768,0.042582951,0.012774885,0.039176315,0.4,0.52,0.90941258,0.434782609,0.565217391,0.769230769,83.45162195,0.646537611,1.055949429,1.241200756,1.357909213,11.28797147,21.61773539,24.92362505,18.31184572,3.101732125,2.303104472,2.118104148,-20.81444754,-26.88750232,39,177,93,29.68,134,89,71.1
455,0.718,0.254,118.1102362,64.65517241,0.568947829,117,103.2,1.4001,1.23496,-0.155204,-0.24686,-0.132501,0.302395,0.33678,29.718,47.8848,13.8,0.039723225,0.098,0.316,0.654247912,50,159,0.654247912,0.098,0.062,-0.072081591,0.072081591,360,83.33333333,0.1,0.194911858,0.188234491,-0.472081591,0.64237845,-2.109274523,10.43168061,6.841198628,7.017255925,0.754835218,1.067613841,1.509690573,78.09192413,156.1781213,312.3328105,19.01382297,20.03418152,0.031194209,1.892509203,2.318954693,2.341257973,-22.02580112,-56.73754047,-58.86122238,-64.84525082,0.684309854,0.348300264,0.122031654,0.99233796,0.970527985,0.964480051,0.887579835,0.031490629,0.00799862,0.022610271,0.354,0.364,1.120636005,0.493036212,0.506963788,0.972527473,53.75877422,0.599847019,0.863699764,0.95253374,0.908542351,9.349321527,17.87902498,17.93862768,17.81942228,2.177139255,3.289639175,1.369982478,-30.3485273,-37.1547905,NA,NA,NA,NA,NA,NA,43.6
462,0.788,0.28,107.1428571,59.05511811,0.584521563,106.8,73.8,1.40264,0.96924,-0.220307,-0.196691,0.142019,0.278055,0.311114,29.904,37.4904,33,0.02626542,0.184,0.324,0.607102304,93,163,0.607102304,0.184,0.044,0.697095741,0.697095741,395,75.94936709,0.186,0.208409332,0.035345671,0.651526121,0.497917452,-1.598858703,8.31815483,6.407238564,6.69927788,0.76796341,1.086134411,1.538311721,80.65055312,161.3007461,322.5970039,22.59943536,18.24900957,0.025660047,1.620796534,2.371859629,2.300239012,-22.45921808,-56.88375536,-59.09134474,-64.98496294,0.728207949,0.333613195,0.108362794,0.994540557,0.978456322,0.973985181,0.910898899,0.02242734,0.006279655,0.017672744,0.38,0.408,0.84431302,0.482233503,0.517766497,0.931372549,57.78024581,1.160743411,1.73190707,1.635865978,1.550569248,20.52595245,40.36667153,41.44187575,39.2914673,5.161207741,4.903536062,1.638553521,-23.48649966,-37.4271258,NA,NA,NA,NA,NA,NA,25.1
485,1.236,0.32,93.75,32.7510917,0.781773467,91.2,42.6,1.87872,0.87756,-0.247212,-0.0437164,0.310226,0.395649,0.435306,29.184,39.0216,48.6,0.040261307,0.262,0.342,0.806292138,132,172,0.806292138,0.262,0.022,0.102577685,0.102577685,619,48.46526656,0.264,0.264440056,0.246141229,1.37624489,0.278799961,-3.000169961,5.040408235,4.41276705,3.763427354,0.714693688,1.0110685,1.431599059,130.5255163,261.0509796,522.0968157,26.65616578,39.35163805,0.022049846,1.787081579,1.677245205,1.149310719,-24.61620913,-58.93359615,-60.9828493,-66.85141463,0.649166282,0.483929035,0.073513383,0.995833048,0.983717831,0.980230747,0.938386412,0.030831052,0.009865937,0.038107181,0.42,0.816,0.978245458,0.339805825,0.660194175,0.514705882,58.48798456,1.080831306,1.558853699,2.063709442,1.167338272,26.48434458,52.84439637,86.10230734,19.5864854,10.24638267,3.008462387,1.392444144,-26.42722377,-34.45308382,NA,NA,NA,NA,NA,NA,61.5
492,0.96,0.294,102.0408163,45.04504505,0.527797639,96,68.4,1.536,1.0944,-0.0827672,-0.200929,0.149995,0.223145,0.253592,28.224,45.5544,27.6,0.038758862,0.108,0.338,0.567197224,55,170,0.567197224,0.108,0.044,-0.167716157,0.167716157,481,62.37006237,0.11,0.225962197,0.232350883,0.438520849,0.361412985,-2.544260555,8.022168037,6.437533739,5.896649509,0.893735382,1.264004504,1.787584982,113.2184855,226.4368201,452.8629541,31.84899538,24.90427902,0.023958961,1.200512237,1.920225034,1.77232855,-25.49303671,-58.8588505,-61.04146994,-66.95866249,0.809529192,0.431530384,0.060654649,0.995171853,0.981028117,0.97705252,0.926963528,0.030102596,0.008850163,0.028898492,0.394,0.566,0.749970926,0.410416667,0.589583333,0.696113074,43.56357608,0.884454832,1.230018237,1.49738397,0.947583578,15.39781153,30.69677711,47.75613652,13.63741771,5.68566842,1.993735978,1.214066346,-40.77486058,-45.59384923,33,183,73,21.8,105,71,59.5
494,0.782,0.258,116.2790698,57.2519084,0.54036572,113.4,91.2,1.47798,1.18864,-0.102674,-0.223155,-0.0202412,0.272957,0.284201,29.2572,47.7888,22.2,0.041732233,0.098,0.258,0.54036572,50,130,0.54036572,0.098,0,-0.11902941,0.11902941,392,76.53061224,0.1,0.198013651,0.202464199,-0.192498798,0.379586664,-3.208018011,15.53836655,6.820474345,7.695807277,0.804013186,1.136813252,1.605894549,77.68653242,155.3433309,310.548905,21.90344204,16.92248089,0.030476614,1.469840429,2.181822875,1.939208664,-24.69693303,-57.85566323,-60.07464136,-65.94004092,0.760033511,0.371412458,0.09310121,0.992648517,0.971902888,0.965983438,0.898412022,0.033980758,0.008767035,0.026572952,0.358,0.424,0.718044996,0.457800512,0.542199488,0.844339623,42.69657136,0.895571594,1.252015242,1.493650377,0.873039802,13.50522487,26.84222,37.83846878,15.84597123,4.585966543,2.111097791,1.208854685,-36.67570408,-42.51455733,NA,NA,NA,NA,NA,NA,60.7
499,0.94,0.28,107.1428571,45.45454545,0.477235175,104.4,76.2,1.6356,1.1938,-0.0743621,-0.220122,0.00187687,0.229045,0.296844,29.232,50.292,28.2,0.055906061,0.064,0.32,0.589779683,33,161,0.589779683,0.064,0.04,-0.006611316,0.006611316,471,63.69426752,0.066,0.212011526,0.188841908,0.536063843,0.700241108,-3.213679474,15.15338171,7.294839979,6.864065939,0.86958428,1.229220515,1.731527223,98.51047654,197.0202234,394.0266795,27.78292007,22.09111961,0.032496182,1.574268806,2.214991164,1.781177359,-20.72477604,-57.33702533,-59.54121581,-65.53244312,0.711786754,0.398491193,0.077247241,0.991791155,0.968716106,0.962354398,0.889973455,0.040202881,0.011256807,0.037790709,0.38,0.56,0.591656868,0.404255319,0.595744681,0.678571429,44.44629821,0.66314499,0.959713441,1.259438019,0.674406982,12.71924579,25.33844929,42.1987516,8.478146987,5.140681133,1.227058975,1.436990267,-31.90346228,-40.22669393,NA,NA,NA,NA,NA,NA,54
505,1.35,0.358,83.79888268,30.24193548,0.680260636,84,30,1.89,0.675,-0.290439,0.288474,0.178982,0.367142,0.391019,30.072,29.76,54,0.029222438,0.258,0.382,0.731903473,130,192,0.731903473,0.258,0.024,0.237965133,0.237965133,676,44.37869822,0.26,0.272170936,0.18405582,1.707787618,0.260964346,-2.168002746,6.003943984,4.975751114,3.996990332,0.866410215,1.225351156,1.733359804,138.2413778,276.4818663,552.9536093,35.83712891,33.82038664,0.017329188,1.414629317,1.602164228,1.237674746,-26.98390933,-60.77384865,-62.95032064,-68.99533595,0.696240778,0.482561748,0.059761735,0.997284253,0.989199722,0.986868577,0.956721633,0.022303866,0.007984784,0.030110219,0.458,0.892,0.590782027,0.339259259,0.660740741,0.513452915,58.92429311,0.815676131,1.180589636,1.419594959,0.73302246,10.795451,21.51276444,35.38297531,7.642553567,4.261976228,1.307828746,1.615869452,-33.18448617,-39.56856564,NA,NA,NA,NA,NA,NA,42
513,0.87,0.262,114.5038168,49.34210526,0.558706158,109.2,68.4,1.5834,0.9918,-0.142275,-0.130837,0.225467,0.283097,0.303492,28.6104,41.5872,40.8,0.042670816,0.104,0.288,0.622003364,53,145,0.622003364,0.104,0.026,-0.026601242,0.026601242,436,68.80733945,0.106,0.209899078,0.196503086,0.270646464,0.446415759,-1.841795014,13.4129885,7.433237611,7.392100839,0.823140563,1.163912268,1.644794245,99.61509635,199.2236999,398.4045116,27.70051416,22.47794371,0.028014806,1.24081412,2.114700196,1.752040818,-22.70061502,-58.47564046,-60.73567322,-66.6214804,0.827940544,0.399723671,0.079198729,0.993662162,0.975552639,0.970497478,0.909912717,0.032963438,0.008636421,0.028678191,0.362,0.508,0.480443483,0.416091954,0.583908046,0.712598425,54.10180527,0.652104514,0.907113131,1.013781869,0.513873595,7.038010872,13.93761103,22.74528262,5.129939442,2.811324373,0.805451641,2.507500306,-35.10299734,-42.32934413,NA,NA,NA,NA,NA,NA,53.9
527,0.736,0.276,108.6956522,65.2173913,0.603301795,95.4,105,1.17024,1.288,-0.00852989,-0.306525,-0.0833884,0.291022,0.329822,26.3304,48.3,-9.6,0.054609892,0.196,0.308,0.683892981,99,155,0.683892981,0.196,0.032,0.0622143,0.0622143,369,81.30081301,0.198,0.228812843,0.188164071,-0.240224725,0.473106171,-2.403246788,15.84580277,8.959778067,11.28155376,0.717706582,1.015099499,1.436653987,97.80773504,195.5059302,390.5044418,24.85748308,23.97245265,0.032318494,1.486064723,2.227320484,1.928614483,-22.87013103,-58.79214806,-61.20364578,-66.9966371,0.755941345,0.361814199,0.089392542,0.991837949,0.968780996,0.962454395,0.891796198,0.039232983,0.010828303,0.028875475,0.376,0.36,0.947044732,0.510869565,0.489130435,1.044444444,33.39839379,1.328037512,1.83697246,1.955107563,1.408760974,31.06207596,61.86351267,87.20297448,36.52405086,10.53688875,4.897056357,1.204094922,-46.12993217,-53.70217977,NA,NA,NA,NA,NA,NA,59.4
553,0.806,0.298,100.6711409,59.05511811,0.682572292,96.6,76.8,1.29766,1.03168,-0.170608,-0.208417,0.170396,0.30444,0.354384,28.7868,39.0144,19.8,0.039312539,0.2,0.298,0.682572292,101,150,0.682572292,0.2,0,0.024052688,0.024052688,404,74.25742574,0.202,0.247865633,0.209664555,0.059696252,0.299086752,-2.228567116,9.436696277,6.603208686,7.128583063,0.747307708,1.056631577,1.49493976,104.1634247,208.3263067,416.6424399,28.55065779,24.24982445,0.025380342,1.279138478,2.059701705,1.857868469,-26.20030451,-57.88165336,-59.96361517,-65.90815953,0.815650791,0.392167421,0.078334606,0.994667535,0.979406276,0.974990558,0.922933944,0.030567005,0.009108967,0.024637006,0.398,0.408,1.00951926,0.493796526,0.506203474,0.975490196,53.4481457,1.413037392,1.992839994,2.442552097,0.954630805,33.00837675,65.75958154,111.1130957,20.40606737,13.30900065,3.21138091,1.677058873,-31.73007223,-37.70035627,35,160,52,20.31,103,70,69.3
557,1.046,0.312,96.15384615,40.8719346,0.734992041,90.6,49.2,1.57946,0.85772,-0.207714,0.0557621,0.31125,0.423303,0.42339,28.2672,36.1128,41.4,0.03970854,0.232,0.366,0.776555455,117,184,0.776555455,0.232,0.054,0.156375606,0.156375606,524,57.2519084,0.234,0.251458084,0.201782303,1.008284003,0.352714748,-2.974570511,7.638187323,4.655975573,4.930180468,0.737371875,1.042721732,1.473727181,102.2317354,204.4552175,408.8692652,24.25999592,27.42093034,0.02469506,1.047857373,1.83823296,1.401132863,-25.33194878,-58.27307358,-60.12271854,-66.31275241,0.830450455,0.452194604,0.069587216,0.994919744,0.980289106,0.976112835,0.926494366,0.03133868,0.009777668,0.032780259,0.412,0.634,0.991806408,0.393881453,0.606118547,0.649842271,47.09271161,1.382359867,1.914808547,1.866145694,1.766185677,27.46889096,54.4438324,69.57461299,39.3130518,8.40069597,5.140559679,1.238643786,-23.84942767,-39.67986506,NA,NA,NA,NA,NA,NA,64.3
592,1.184,0.336,89.28571429,35.37735849,0.743555076,91.8,33,1.81152,0.6512,-0.351763,0.354318,0.179079,0.412254,0.437776,30.8448,27.984,58.8,0.028450826,0.242,0.36,0.782591459,122,181,0.782591459,0.242,0.024,0.44607007,0.44607007,593,50.59021922,0.244,0.2515021,0.116724695,1.617739547,0.226271409,-2.199801024,4.861631782,4.457472951,3.538943999,0.852405974,1.205324721,1.704003376,130.5395162,261.078964,522.1546629,32.12233352,33.40988047,0.017378429,1.066594625,1.705127863,1.270437892,-27.7476861,-59.38090723,-61.36982009,-67.42999692,0.797502925,0.469385109,0.059767482,0.997268794,0.989117228,0.986796439,0.956343258,0.021529227,0.00723382,0.025490605,0.436,0.748,0.279538528,0.368243243,0.631756757,0.582887701,49.72583852,0.393948331,0.543572637,0.664332486,0.180484055,2.862233134,5.692387095,10.39132039,0.993453801,1.30870905,0.234306239,2.538101045,-39.25691719,-45.93514628,NA,NA,NA,NA,NA,NA,53.5
594,0.85,0.28,107.1428571,52.63157895,0.673812405,102,70.2,1.445,0.9945,-0.194409,-0.186071,0.244528,0.318311,0.36552,28.56,40.014,31.8,0.039653913,0.202,0.324,0.709694494,102,163,0.709694494,0.202,0.044,0.089694321,0.089694321,426,70.42253521,0.204,0.227497761,0.184576281,0.30941263,0.35134853,-2.261555805,8.414773,6.463001879,6.510458658,0.782074523,1.106141459,1.564873176,107.1555889,214.3101291,428.6110991,26.36736469,27.57634067,0.025669378,1.130149399,2.193320638,1.675596197,-22.63516017,-57.38446887,-59.50196455,-65.35135626,0.855212408,0.377921723,0.087315467,0.994555862,0.978887316,0.974411667,0.920233556,0.032483295,0.009095322,0.0276108,0.38,0.47,0.862477548,0.447058824,0.552941176,0.808510638,42.92299568,1.199875923,1.675681778,1.847492233,1.306014047,24.86104549,49.54969486,67.8470586,31.25233112,8.141020057,4.227082334,1.190885958,-36.8041818,-40.60891288,NA,NA,NA,NA,NA,NA,55.2
610,1.218,0.284,105.6338028,32.11991435,0.731124348,102.6,36.6,2.08278,0.74298,-0.255993,0.208097,0.247057,0.366646,0.380299,29.1384,34.1844,66,0.032715935,0.14,0.284,0.731124348,71,143,0.731124348,0.14,0,-0.008807446,0.008807446,610,49.18032787,0.142,0.226269857,0.202255611,1.230536816,0.276204942,-2.502846349,9.558506871,4.106690091,4.090279064,0.834210746,1.17951184,1.666889714,127.9083016,255.7860928,511.4335713,31.16515656,32.94837586,0.020322411,1.493417885,1.690404149,1.384953219,-26.90979373,-59.50597214,-61.54884186,-67.57899387,0.704706268,0.482532615,0.072433928,0.996389664,0.985656522,0.982596544,0.942668551,0.0253541,0.007200565,0.030881294,0.384,0.834,0.979839517,0.315270936,0.684729064,0.460431655,57.05973982,1.141990912,1.638361272,2.108515102,1.187073658,27.09578652,53.9111191,84.99127108,22.83096712,10.03090691,3.621832348,1.307690727,-32.18019477,-33.60951755,NA,NA,NA,NA,NA,NA,49.8
611,1.078,0.324,92.59259259,39.78779841,0.681392831,90.6,43.2,1.62778,0.77616,-0.216714,0.175182,0.248731,0.306895,0.348988,29.3544,32.5728,47.4,0.034664879,0.196,0.324,0.681392831,99,163,0.681392831,0.196,0,0.052730531,0.052730531,540,55.55555556,0.198,0.255844741,0.210026839,0.986063865,0.33927339,-3.196655224,5.264146367,3.811902736,3.642809845,0.882144887,1.247366191,1.764594586,130.0536599,260.1071827,520.2124372,37.18916627,28.44534315,0.01960041,1.066176334,1.765401387,1.431952788,-29.37870002,-59.51193735,-61.5638831,-67.6101673,0.793407712,0.455093444,0.057371565,0.996625748,0.986714763,0.983839656,0.947901535,0.026559891,0.008605405,0.028631563,0.424,0.654,0.972560428,0.393320965,0.606679035,0.648318043,54.58088719,1.374845217,1.878550395,2.270499012,1.33643011,37.6704977,74.77521089,111.5759214,37.97450035,13.39526753,5.387478905,1.388772853,-25.22319185,-35.57571213,80,170,59,20.42,149,86,67.4
614,0.764,0.268,111.9402985,60.48387097,0.76974707,106.8,75.6,1.35992,0.96264,-0.206081,-0.148313,0.265858,0.353023,0.376759,28.6224,37.4976,31.2,0.042310821,0.166,0.268,0.76974707,84,135,0.76974707,0.166,0,0.1726747,0.1726747,383,78.32898172,0.168,0.217777892,0.129130025,0.012883577,0.300654238,-3.257281674,9.35202196,7.50370484,7.619494672,0.718952934,1.01648346,1.437796163,88.42448931,176.8485027,353.6884353,23.07090825,22.81634322,0.025826564,1.467048705,2.184693159,1.712479954,-25.66473498,-57.06328587,-59.09481733,-64.95378588,0.781220891,0.357542665,0.082653723,0.994504743,0.978701955,0.974210318,0.922606204,0.031785031,0.008518388,0.024283764,0.368,0.396,1.036602994,0.481675393,0.518324607,0.929292929,57.1864917,1.206687711,1.631001584,2.003634286,1.406392402,26.68188445,51.23951393,72.3150973,30.16393055,8.645630515,4.327056389,1.865202273,-24.90924467,-35.9668301,76,162,69,26.29,105,65,65.9
615,1.296,0.332,90.36144578,31.12033195,0.663019684,87.6,35.4,1.89216,0.76464,-0.18476,0.196544,0.203675,0.297133,0.342835,29.0832,34.1256,52.2,0.039398122,0.142,0.348,0.676351606,72,175,0.676351606,0.142,0.016,0.169999313,0.169999313,649,46.22496148,0.144,0.268249694,0.156753474,1.551201162,0.412556088,-3.589589768,8.204410197,4.043206412,3.917513762,0.879559691,1.243607905,1.756903097,148.5230875,297.0315569,593.989908,42.98997886,31.38167571,0.01999539,1.483179665,1.56540464,1.351988047,-28.98477535,-61.48654786,-63.56977918,-69.51082092,0.701068088,0.487243924,0.054826929,0.996507499,0.986372101,0.98340808,0.948615347,0.028427001,0.009437764,0.036841394,0.432,0.864,0.893694982,0.333333333,0.666666667,0.5,40.22448057,1.263260836,1.798268616,1.97106647,1.616281405,20.25622876,39.95094063,55.6331012,24.26878007,6.760257133,3.251018867,1.343585635,-35.97504553,-42.10588742,NA,NA,NA,NA,NA,NA,28.1
634,0.87,0.292,102.739726,51.90311419,0.6870998,100.8,55.2,1.4616,0.8004,-0.267356,0.131823,0.324544,0.309768,0.392617,29.4336,31.9056,45.6,0.032666327,0.204,0.292,0.6870998,103,147,0.6870998,0.204,0,0.144285606,0.144285606,436,68.80733945,0.206,0.2220377,0.166007858,0.441533313,0.209453587,-1.798612487,8.756071422,7.325694219,7.074635174,0.869008661,1.228987522,1.738102926,112.9304056,225.8499994,451.6695509,30.20210599,27.21082552,0.021396468,1.061053288,2.070136752,1.179315606,-24.97308345,-57.88338279,-60.19214844,-66.11310807,0.864153118,0.397105092,0.077403617,0.996046517,0.984390377,0.981079691,0.93854914,0.026195551,0.007649101,0.02279013,0.392,0.478,0.411985956,0.450574713,0.549425287,0.820083682,49.94258871,0.572716935,0.78942717,0.730043296,0.583413682,3.32350171,6.51390553,8.223937845,4.803873215,1.006898216,0.647811458,1.455555682,-31.33830928,-40.88403617,NA,NA,NA,NA,NA,NA,52.6
644,1.068,0.308,97.4025974,39.47368421,0.734077386,94.8,43.8,1.68744,0.77964,-0.239623,0.153212,0.272707,0.384522,0.385281,29.1984,33.288,51,0.032114074,0.214,0.308,0.734077386,108,155,0.734077386,0.214,0,0.085868131,0.085868131,535,56.07476636,0.216,0.249959091,0.206237343,0.994279346,0.251241026,-2.262817404,5.945165111,4.415344487,4.235425744,0.786598729,1.11234648,1.572764067,113.8272526,227.6538816,455.3008374,30.35445908,27.75189872,0.021604018,1.143009718,1.863937307,1.258811467,-26.16772962,-57.93416346,-60.23949099,-66.05101794,0.791467343,0.444690156,0.073015638,0.995981806,0.984072185,0.980704617,0.935639966,0.026629663,0.008201936,0.028440481,0.408,0.66,0.561199875,0.382022472,0.617977528,0.618181818,61.96505276,0.632998397,0.906747597,1.050608576,0.574218864,8.036380908,15.4027446,23.10379863,7.701690566,2.821098102,1.181549947,2.295707792,-22.45479208,-33.17097537,81,173,73,24.39,121,78,65.7
647,1.168,0.332,90.36144578,35.88516746,0.677847059,87.6,40.8,1.70528,0.79424,-0.199837,0.155661,0.252233,0.29436,0.342361,29.0832,34.1088,46.8,0.033901526,0.206,0.332,0.677847059,104,167,0.677847059,0.206,0,0.050628036,0.050628036,585,51.28205128,0.208,0.267421693,0.212024129,1.189089574,0.387249893,-3.060362429,5.575966036,3.565823683,3.546206269,0.887898099,1.255518725,1.775524548,144.6268991,289.2493718,578.4785778,41.57513746,30.89911449,0.019256923,1.214982272,1.695142282,1.195477413,-28.8562508,-60.17496403,-62.37160182,-68.29091056,0.763792082,0.469268497,0.058343348,0.996724717,0.987008314,0.984207368,0.94729485,0.026489355,0.008794466,0.030939567,0.432,0.736,0.845136439,0.369863014,0.630136986,0.586956522,48.90911741,1.176199173,1.609651032,1.815228498,0.755902033,24.23092679,47.74405148,80.31962817,15.16847479,9.75638749,2.114190905,2.238140102,-27.46961054,-35.69432347,88,170,67,23.18,111,67,33.9
655,0.77,0.206,145.631068,53.19148936,0.657432344,143.4,60.6,1.8403,0.7777,-0.264895,0.0893245,0.284664,0.338258,0.355737,29.5404,34.1784,82.8,0.038106843,0.13,0.236,0.709063147,66,119,0.709063147,0.13,0.03,0.001126038,0.001126038,386,77.72020725,0.132,0.160533397,0.143778779,-0.129443911,0.375131389,-1.852265441,10.22137481,7.249692974,6.836288066,0.811381928,1.147427425,1.622653893,81.00582828,162.0094617,324.0052765,20.43879684,20.37966452,0.029463014,1.553289747,2.364569686,1.93752244,-20.40290188,-58.07054816,-60.12519869,-66.04765261,0.757337719,0.351118702,0.096170148,0.993067684,0.973263083,0.967742927,0.899107942,0.030830949,0.006351176,0.023739831,0.306,0.464,0.477797738,0.397402597,0.602597403,0.659482759,34.85280087,0.597575679,0.846416779,1.112363613,0.560559577,12.99155046,25.84495296,43.67417956,8.015726369,5.318250486,1.377610655,1.361115319,-44.9846753,-52.55432718,NA,NA,NA,NA,NA,NA,29.8
684,1.118,0.322,93.16770186,37.68844221,0.777312569,90,45,1.677,0.8385,-0.243442,0.0461455,0.315303,0.364613,0.405399,28.98,35.82,45,0.034423981,0.258,0.322,0.777312569,130,162,0.777312569,0.258,0,0.038770978,0.038770978,560,53.57142857,0.26,0.269286644,0.23995773,1.067342406,0.204171145,-2.464002657,4.358118409,4.215837804,3.587064948,0.758023254,1.072198849,1.517313185,136.5960353,273.1919111,546.3786551,33.23292358,35.15200315,0.020187722,1.264579711,1.691656299,1.182172089,-27.20363772,-58.12760334,-60.42880562,-66.33397968,0.766459826,0.47206013,0.060649814,0.996425581,0.985822057,0.98278353,0.943763314,0.02762234,0.008894393,0.030881776,0.422,0.696,0.970819333,0.37745975,0.62254025,0.606321839,46.41764619,1.265662683,1.758272589,1.913859066,1.346902625,23.10616061,45.90637137,65.22895135,26.5837914,7.80813911,3.615167739,1.220003058,-29.14891565,-38.3413749,NA,NA,NA,NA,NA,NA,65
710,0.962,0.294,102.0408163,44.91017964,0.599905225,91.8,70.8,1.47186,1.13516,-0.0420932,-0.236674,0.152167,0.289248,0.302555,26.9892,47.2944,21,0.040202896,0.106,0.346,0.635572988,54,174,0.635572988,0.106,0.052,-0.157207297,0.157207297,482,62.2406639,0.108,0.228053507,0.229505906,0.455240836,0.377683094,-2.809673934,19.18930236,7.600423128,8.453670118,0.827839562,1.170861584,1.656386933,102.1247653,204.1656892,407.9749343,26.50480583,24.53387756,0.026384438,1.045928897,2.002298136,1.770101773,-23.49100593,-57.36532819,-59.42884229,-65.41158512,0.853021671,0.421118442,0.099388894,0.994272317,0.977677401,0.973007868,0.915676061,0.031916746,0.009383523,0.030703909,0.394,0.568,0.770732686,0.40956341,0.59043659,0.693661972,43.0217975,1.019457325,1.476232039,1.86308164,0.895412321,17.37826649,34.60380938,58.62671828,10.58090048,6.995584535,1.664198713,1.373393401,-29.43044372,-42.41506629,32,165,59,21.67,100,70,62
725,0.798,0.26,115.3846154,55.76208178,0.694447633,111.6,73.8,1.48428,0.98154,-0.199604,-0.175809,0.215817,0.37188,0.378481,29.016,39.7044,37.8,0.04730679,0.172,0.284,0.707796726,87,143,0.707796726,0.172,0.024,0.05826392,0.05826392,400,75,0.174,0.216259047,0.18171528,0.05826392,0.355765245,-2.658731296,11.7735723,7.330397356,7.816346738,0.709789609,1.003851854,1.41973495,86.2946201,172.5668308,345.012599,21.32145948,21.8388367,0.029794962,1.346467923,2.14423476,1.746188284,-23.81339173,-56.92713499,-59.12508728,-65.11270664,0.804111644,0.383029398,0.085138717,0.992926819,0.972989197,0.967316537,0.905889061,0.036574327,0.009509325,0.029186313,0.36,0.438,0.92301105,0.45112782,0.54887218,0.821917808,35.51914693,1.107838564,1.547688531,1.750601964,1.253089759,25.68783311,51.21251892,72.59026335,29.83477449,8.7871756,4.196496454,1.114569082,-44.55505986,-48.83095683,NA,NA,NA,NA,NA,NA,55.8
730,0.958,0.274,109.4890511,43.85964912,0.623828103,103.8,66,1.65734,1.0538,-0.142195,-0.220396,0.198194,0.317243,0.36792,28.4412,45.144,37.8,0.048540541,0.094,0.354,0.748460022,48,178,0.748460022,0.094,0.08,-0.073301767,0.073301767,480,62.5,0.096,0.21860924,0.215184236,0.526698233,0.44228473,-3.438951521,10.99774774,6.35094536,6.062294785,0.797491634,1.127702702,1.594647648,110.7151063,221.422528,442.7928406,24.99556918,30.37762645,0.027478496,1.349764419,1.935481219,1.591150924,-24.05867448,-58.55161166,-60.65552534,-66.57358639,0.794182666,0.439296134,0.089503965,0.993856875,0.976166459,0.971210571,0.913008694,0.036126192,0.009898577,0.034608892,0.374,0.584,1.014577895,0.39039666,0.60960334,0.640410959,45.76506614,1.314235083,1.881836677,2.380970617,1.239506519,30.75685471,61.33440748,100.7758983,21.89291667,11.96885151,3.347959259,1.259810556,-26.00485357,-37.57690557,NA,NA,NA,NA,NA,NA,69.8
741,0.688,0.264,113.6363636,70.75471698,0.51430188,111.6,103.8,1.27968,1.19024,-0.158645,-0.22982,-0.0799338,0.283452,0.284418,29.4624,44.0112,7.8,0.029995527,0.148,0.316,0.560102951,75,159,0.560102951,0.148,0.052,-0.003643674,0.003643674,345,86.95652174,0.15,0.197025336,0.187869494,-0.577556717,0.484069694,-1.407057505,14.93595018,7.013855947,9.388840865,0.760694387,1.0757658,1.520926261,71.22531651,142.40688,284.6394623,20.51869273,15.11673825,0.029751902,2.059621874,2.437818161,2.139307253,-21.79701187,-57.56513517,-59.58493915,-65.44570915,0.593489459,0.315970935,0.122468689,0.992929588,0.972328721,0.966701267,0.889910885,0.024741411,0.006531732,0.017022091,0.364,0.324,0.59073835,0.529069767,0.470930233,1.12345679,50.15066505,0.729873606,1.036837202,1.089780775,0.968375212,11.75583605,22.78358685,25.9805335,19.58664021,4.003105296,2.68153821,2.238175384,-29.8389407,-39.14856242,NA,NA,NA,NA,NA,NA,48
752,0.956,0.308,97.4025974,46.2962963,0.645615466,91.2,66.6,1.45312,1.06116,-0.0974473,-0.170275,0.161138,0.300205,0.300463,28.0896,43.1568,24.6,0.03300695,0.11,0.308,0.645615466,56,155,0.645615466,0.11,0,-0.212954111,0.212954111,479,62.63048017,0.112,0.229527166,0.229550885,0.380782841,0.288532398,-4.590811413,15.45219837,6.156166448,7.067660865,0.821315757,1.161427405,1.642200323,87.04127384,174.0688452,348.0687855,23.90483623,20.13307808,0.025239895,1.224547509,1.914094314,1.943937221,-26.41492562,-57.6295856,-59.84280107,-65.62675024,0.821487807,0.430755682,0.087896402,0.994710877,0.97938791,0.974995801,0.920747208,0.027670435,0.008522494,0.026452936,0.408,0.548,1.070677591,0.426778243,0.573221757,0.744525547,48.85770834,1.517002073,2.079231119,2.112715668,1.425784461,26.41379009,52.4301684,71.15934613,33.70099067,8.550763547,4.476169321,1.179690515,-33.02099304,-36.80015374,NA,NA,NA,NA,NA,NA,70.3
758,0.946,0.296,101.3513514,46.15384615,0.459456262,95.4,75.6,1.50414,1.19196,-0.0237564,-0.19543,0.0491769,0.172598,0.215494,28.2384,49.14,19.8,0.04203659,0.084,0.296,0.459456262,43,149,0.459456262,0.084,0,-0.128950796,0.128950796,474,63.29113924,0.086,0.216005628,0.216231502,0.433074521,0.47203452,-2.493970537,9.340672992,6.336024905,5.95108394,0.948688926,1.341454512,1.894519653,102.1250151,204.2497414,408.4922063,31.26118409,19.99154315,0.027137034,1.30623407,2.069130296,2.113986993,-23.44525952,-58.26647848,-60.31054058,-66.30062399,0.780065872,0.402976544,0.052729732,0.994001863,0.976710944,0.97184786,0.912302289,0.03362595,0.009953281,0.031810149,0.396,0.55,0.915434136,0.418604651,0.581395349,0.72,43.3024225,1.273193889,1.756361982,1.925794867,1.173269658,21.11889851,42.07602188,62.45907215,21.69297161,7.530753911,3.047941882,1.203633995,-30.9449094,-41.02223367,45,183,93,27.77,116,71,59.7
804,0.842,0.272,110.2941176,52.63157895,0.627931762,104.4,70.2,1.46508,0.98514,-0.163987,-0.139713,0.266886,0.230982,0.307467,28.3968,40.014,34.2,0.03898672,0.184,0.308,0.64596036,93,155,0.64596036,0.184,0.036,0.080388106,0.080388106,422,71.09004739,0.186,0.214226968,0.171283485,0.268065831,0.426794622,-2.271116212,7.280555054,6.192623262,5.977605497,0.890740343,1.259782888,1.782902609,118.119554,236.2327564,472.4458933,32.03855012,28.21138169,0.023874721,1.069585242,2.225566026,1.800376659,-22.82157664,-58.05673506,-60.311776,-66.11967395,0.857400356,0.368782138,0.065443908,0.995206396,0.981213132,0.977239213,0.926945387,0.031060105,0.008448349,0.026152609,0.372,0.47,1.011608003,0.441805226,0.558194774,0.791489362,51.15604152,1.246446009,1.723590611,2.08207327,0.863922189,32.82598714,65.30307435,116.1813445,14.42480424,14.06166251,2.278638405,1.994236452,-25.58411008,-34.28713601,66,170,60,20.76,119,75,65.7
824,0.92,0.288,104.1666667,47.46835443,0.584038027,99.6,61.2,1.5272,0.9384,-0.142087,-0.0557184,0.239739,0.296323,0.339968,28.6848,38.6784,38.4,0.047868753,0.208,0.358,0.614674074,105,180,0.614674074,0.208,0.07,0.094778741,0.094778741,461,65.07592191,0.21,0.235496546,0.215825013,0.571134489,0.590606585,-2.095874042,8.375256729,7.18368569,6.52746782,0.799759725,1.131087381,1.600126007,106.025285,212.0504824,424.0935697,30.35454132,23.45772159,0.028971631,1.265424708,2.103966492,1.845561638,-23.05136265,-57.44801289,-59.79640888,-65.72827041,0.811307987,0.409017488,0.068113784,0.993275542,0.974116921,0.968767705,0.905112835,0.036568137,0.010531624,0.033642686,0.388,0.532,0.556645814,0.42173913,0.57826087,0.729323308,56.70004804,0.56742255,0.841560704,1.081348611,0.679928933,7.203354988,14.27272068,23.40761401,5.137827351,2.912057183,1.044789676,1.999836287,-31.83717985,-39.14700215,NA,NA,NA,NA,NA,NA,64.4
831,0.952,0.294,102.0408163,45.59270517,0.594508418,103.2,43.8,1.63744,0.69496,-0.272503,0.241347,0.202693,0.366569,0.372187,30.3408,28.8204,59.4,0.033053025,0.204,0.328,0.661068532,103,165,0.661068532,0.204,0.034,0.305008429,0.305008429,477,62.89308176,0.206,0.221793026,0.133881756,0.886140504,0.371982489,-1.590251254,9.849810255,7.999549421,7.26761775,0.841764497,1.190560895,1.683838364,95.68875038,191.3770286,382.7467804,26.85880646,21.68765496,0.024396178,1.135765628,2.076353082,1.761173809,-22.85522172,-58.16090392,-60.32384314,-66.16162848,0.829182813,0.40940733,0.087144022,0.99502037,0.980438462,0.976406594,0.923182796,0.026193097,0.00770077,0.024935828,0.394,0.558,0.57407352,0.413865546,0.586134454,0.70609319,42.26153973,0.829892968,1.17519608,1.43404229,0.633507602,9.702999009,19.29229453,30.91990153,7.664687533,3.806675315,1.363450495,1.530829617,-32.8130027,-43.6162858,NA,NA,NA,NA,NA,NA,63.1
856,1.018,0.308,97.4025974,42.25352113,0.65174293,93.6,50.4,1.58808,0.85512,-0.166692,0.0766935,0.270667,0.259729,0.333647,28.8288,35.784,43.2,0.043311195,0.198,0.308,0.65174293,100,155,0.65174293,0.198,0,0.056964342,0.056964342,510,58.82352941,0.2,0.251401481,0.212583555,0.83343493,0.437565059,-3.273452118,8.038180266,6.099204773,6.033492369,0.899784565,1.272557624,1.800079516,135.4220275,270.8361964,541.6474087,39.73135244,29.22429021,0.022067922,1.212944693,1.945129108,1.443041798,-26.70351755,-58.99016076,-61.0691677,-66.97587436,0.761328676,0.423435123,0.049903118,0.995834131,0.983761181,0.980259756,0.939457935,0.033049289,0.010179181,0.033644176,0.408,0.61,1.027426461,0.400785855,0.599214145,0.668852459,51.58391277,1.444500058,2.016272938,2.784859404,1.371085919,40.17049598,79.57267954,133.1736859,25.9716732,15.95632449,3.859993325,1.409757858,-25.44750738,-36.45625174,92,175,61,19.92,138,78,50.8
860,0.882,0.3,100,51.54639175,0.791218459,97.8,57.6,1.43766,0.84672,-0.256415,-0.0193649,0.298868,0.430728,0.435218,29.34,33.5232,40.2,0.04034561,0.224,0.3,0.791218459,113,151,0.791218459,0.224,0,0.230106668,0.230106668,442,67.87330317,0.226,0.240726259,0.147454614,0.572188116,0.352080769,-3.780945994,10.26474271,6.413424853,7.298492703,0.671825635,0.950434639,1.344470456,84.46831613,168.9286916,337.8179519,19.92156841,22.71732646,0.025625995,1.228229998,2.057537487,1.412910746,-25.75671853,-56.61232206,-58.72733915,-64.61890564,0.848834996,0.394809912,0.085282241,0.994566554,0.978896999,0.974458744,0.922622443,0.029967698,0.008990309,0.026431509,0.4,0.482,0.955624446,0.453514739,0.546485261,0.829875519,49.17715115,1.149917918,1.595750579,2.075973871,0.960278265,29.21759425,57.86624553,94.42516832,21.30732274,11.25315185,3.177196223,1.943560586,-30.34775657,-36.92621181,NA,NA,NA,NA,NA,NA,60
863,0.938,0.318,94.33962264,48.38709677,0.624063501,88.8,61.8,1.38824,0.96614,-0.137848,-0.0819799,0.273347,0.293075,0.330882,28.2384,38.316,27,0.050037025,0.19,0.346,0.661100039,96,174,0.661100039,0.19,0.028,0.172943808,0.172943808,470,63.82978723,0.192,0.264791167,0.168234944,0.709114021,0.47729282,-2.635574023,9.935239602,7.383150065,7.224983367,0.816466405,1.154617886,1.632189208,123.8850639,247.7698785,495.5311458,34.56288703,28.36872949,0.025163538,0.937710293,2.018371025,1.395322886,-24.30538114,-57.95027885,-60.15508891,-66.20607008,0.866074422,0.406213776,0.058522173,0.994771363,0.980068964,0.975805307,0.931119968,0.035913104,0.011420367,0.033686492,0.418,0.52,0.847519371,0.445628998,0.554371002,0.803846154,42.6596615,1.203112643,1.690202451,1.948453117,0.915585041,26.52580256,52.90850237,89.47848484,16.33851991,10.76800231,2.800478458,1.325917198,-34.22462624,-43.40418964,NA,NA,NA,NA,NA,NA,61.8
868,0.658,0.236,127.1186441,71.09004739,0.358805767,120,134.4,1.316,1.47392,0.0392959,-0.0682957,-0.172159,0.109052,0.184829,28.32,56.7168,-14.4,0.049000525,0.064,0.296,0.382893218,33,149,0.382893218,0.064,0.06,-0.231080059,0.231080059,330,90.90909091,0.066,0.153805409,0.167189571,-0.994716423,0.855833804,-2.185124323,11.45299022,6.90582257,6.915280396,0.995177702,1.407155616,1.985122379,68.97956638,137.9570226,275.8991502,21.5247508,13.07125156,0.038453158,2.013481436,2.549055289,2.115251777,-19.80837287,-57.10318161,-59.2568746,-65.25095021,0.632371417,0.305261342,0.084403814,0.989036729,0.959031228,0.950709335,0.857061149,0.038983085,0.009200008,0.02565087,0.336,0.322,0.562610373,0.510638298,0.489361702,1.043478261,79.00752109,0.677949227,0.829457009,0.847912933,0.820510743,7.121228273,12.70535179,18.37187835,7.03882523,2.247931034,0.962211654,2.232189986,-21.36754597,-26.30061219,54,186,84,24.28,133,93,54.3
897,0.952,0.312,96.15384615,46.875,0.564390419,92.4,55.2,1.46608,0.87584,-0.173006,0.0382013,0.284576,0.232708,0.295906,28.8288,35.328,37.2,0.029933302,0.202,0.342,0.574201443,102,172,0.574201443,0.202,0.03,0.103804671,0.103804671,477,62.89308176,0.204,0.235079849,0.183613887,0.684936747,0.376679372,-1.956514588,9.833216739,6.609715261,6.978600038,0.922460668,1.304618174,1.845825691,122.9413049,245.882248,491.7606085,36.11297837,25.831118,0.02064116,0.936382769,1.991755101,1.279766651,-25.9318805,-59.5821825,-61.66924982,-67.48210482,0.853959021,0.416035197,0.071650092,0.996294973,0.985358039,0.982210153,0.940857882,0.024504836,0.007645509,0.023328604,0.412,0.54,0.481940083,0.432773109,0.567226891,0.762962963,59.20814643,0.412656843,0.571020013,0.841894365,0.540660486,4.638111274,9.082720302,14.97748235,3.18795825,1.799094165,0.478596636,2.540730221,-27.87232338,-37.34579048,NA,NA,NA,NA,NA,NA,40.7
915,1.168,0.314,95.54140127,35.12880562,0.692668671,88.8,46.2,1.72864,0.89936,-0.135358,0.0592656,0.309904,0.277477,0.337484,27.8832,39.4548,42.6,0.054600849,0.18,0.342,0.704097118,91,172,0.704097118,0.18,0.028,0.016964134,0.016964134,585,51.28205128,0.182,0.264797786,0.239985511,1.155425673,0.419008033,-5.038094052,6.223553961,4.084073068,3.832104886,0.889979731,1.258666123,1.780607767,161.6205404,323.2390965,646.4501382,43.1871544,37.80046116,0.022463813,1.345143312,1.62484957,1.256054423,-29.06294119,-60.34865212,-62.65133501,-68.55928518,0.760903126,0.479525093,0.043558513,0.995728481,0.983700566,0.980146878,0.9447263,0.037460366,0.011762555,0.043753708,0.414,0.754,1.018655306,0.354452055,0.645547945,0.549071618,53.666316,1.389729111,1.73234622,2.289175222,1.924944697,35.96699966,69.26305419,90.39004444,48.13606393,10.86502816,6.27754386,1.357959392,-23.7360545,-34.76398473,NA,NA,NA,NA,NA,NA,70.6
923,0.924,0.26,115.3846154,45.18072289,0.585793593,112.8,51,1.73712,0.7854,-0.23663,0.121878,0.270172,0.272243,0.322886,29.328,33.864,61.8,0.030037959,0.154,0.298,0.717046539,78,150,0.717046539,0.154,0.038,0.102894015,0.102894015,463,64.79481641,0.156,0.192251813,0.1345755,0.592742827,0.366473627,-2.007713248,9.761018563,7.128001527,6.753621845,0.907108699,1.282653231,1.814752365,106.4249411,212.8498099,425.6953916,28.42130337,25.5908684,0.023709021,1.194041307,2.185650931,1.967938319,-21.40893643,-59.18849191,-61.63181834,-67.44798883,0.81180226,0.3967469,0.089412845,0.995266383,0.98134745,0.977461742,0.924620444,0.024417453,0.006348538,0.022561727,0.36,0.564,0.28723148,0.38961039,0.61038961,0.638297872,54.25203618,0.365699185,0.529786219,0.629277273,0.391994511,2.570983932,5.060209205,7.927120472,2.193297937,0.953934403,0.339869774,2.515833545,-36.98231455,-42.37828882,NA,NA,NA,NA,NA,NA,13
925,0.956,0.308,97.4025974,46.2962963,0.558738616,92.4,63,1.47224,1.0038,-0.119668,-0.124924,0.218664,0.243128,0.29904,28.4592,40.824,29.4,0.048915704,0.186,0.342,0.588703134,94,172,0.588703134,0.186,0.034,0.124784429,0.124784429,479,62.63048017,0.188,0.250173837,0.192708513,0.718521381,0.489828228,-2.553276195,8.084573026,7.004008545,6.43900585,0.865154653,1.223438385,1.729929649,121.7110635,243.4206312,486.8350551,35.35665725,26.68894046,0.025723511,1.105695153,2.103967026,1.838072929,-23.36557185,-58.35616748,-60.47404392,-66.29217573,0.818454,0.397378133,0.052185753,0.994536633,0.978843893,0.974392714,0.923609691,0.036583123,0.011267602,0.034973465,0.408,0.548,1.038175543,0.426778243,0.573221757,0.744525547,49.11219782,1.172867555,1.680274749,2.089581709,1.343694367,23.25045983,46.34807788,71.58275465,21.11340112,8.672207023,3.06971968,1.446135781,-30.24634265,-40.55658857,NA,NA,NA,NA,NA,NA,62.9
935,1.002,0.29,103.4482759,42.13483146,0.90923161,100.8,43.8,1.68336,0.73146,-0.406667,0.300644,0.374261,0.424272,0.46936,29.232,31.1856,57,0.018257648,0.248,0.29,0.90923161,125,146,0.90923161,0.248,0,0.688893412,0.688893412,502,59.76095618,0.25,0.191512305,0.031418745,1.420367516,0.248802677,-2.261400014,9.300905132,8.896909795,8.045619385,0.857044719,1.212345114,1.719292526,125.6984836,251.396517,502.7893676,24.41316146,39.5933315,0.015443448,0.597087543,1.912370044,0.811121306,-28.70170799,-59.49784833,-60.45955835,-66.91558232,0.921647708,0.422693245,0.06866477,0.997783092,0.990965301,0.989045181,0.958960822,0.013378675,0.003879816,0.013405432,0.39,0.612,0.319657288,0.389221557,0.610778443,0.637254902,105.8011016,0.300206514,0.319364847,0.175384206,0.30061999,2.299973729,2.315875643,1.100270476,3.53148081,0.154950942,0.456142845,1.305681953,-18.98717828,-28.1114573,78,178,82,25.88,139,79,59.2
986,0.826,0.264,113.6363636,53.38078292,0.724410036,112.2,62.4,1.54462,0.85904,-0.294795,-0.0911391,0.306228,0.4187,0.422025,29.6208,35.0688,49.8,0.033895447,0.19,0.304,0.800550975,96,153,0.800550975,0.19,0.04,0.124454715,0.124454715,414,72.46376812,0.192,0.20361198,0.151820489,0.246193845,0.230423914,-1.899156766,10.40298076,8.602959749,8.609777766,0.672687871,0.952286942,1.339902549,77.06942538,154.1370882,308.2584379,16.79374218,23.11246349,0.025854676,1.432324837,2.252756872,1.82684693,-22.02292201,-55.84005996,-58.51197729,-64.36805596,0.791354451,0.366343627,0.11975348,0.994525471,0.978528562,0.974214425,0.915903005,0.025757567,0.006799998,0.021275751,0.364,0.462,0.421472448,0.440677966,0.559322034,0.787878788,68.97566082,0.435863795,0.545474917,0.688383381,0.62487107,4.226944564,7.558109229,9.894741023,5.221477434,1.279415193,1.125578655,1.937881121,-24.06745774,-28.97296515,NA,NA,NA,NA,NA,NA,46.4
